Date,Close,ma5,ma20,ma60
2016-03-17,158.5,,,
2016-03-18,159.5,,,
2016-03-21,160.0,,,
2016-03-22,158.5,,,
2016-03-23,159.5,159.2,,
2016-03-24,158.5,159.2,,
2016-03-25,158.0,158.9,,
2016-03-28,159.0,158.7,,
2016-03-29,159.0,158.8,,
2016-03-30,161.5,159.2,,
2016-03-31,162.0,159.9,,
2016-04-01,158.5,160.0,,
2016-04-06,153.5,158.9,,
2016-04-07,154.5,158.0,,
2016-04-08,157.5,157.2,,
2016-04-11,158.5,156.5,,
2016-04-12,158.5,156.5,,
2016-04-13,161.5,158.1,,
2016-04-14,161.5,159.5,,
2016-04-15,159.5,159.9,158.875,
2016-04-18,158.0,159.8,158.85,
2016-04-19,157.5,159.6,158.75,
2016-04-20,154.0,158.1,158.45,
2016-04-21,157.0,157.2,158.375,
2016-04-22,156.5,156.6,158.225,
2016-04-25,157.5,156.5,158.175,
2016-04-26,158.0,156.6,158.175,
2016-04-27,156.5,157.1,158.05,
2016-04-28,153.0,156.3,157.75,
2016-04-29,150.0,155.0,157.175,
2016-05-03,147.5,153.0,156.45,
2016-05-04,147.0,150.8,155.875,
2016-05-05,147.5,149.0,155.575,
2016-05-06,148.0,148.0,155.25,
2016-05-09,147.5,147.5,154.75,
2016-05-10,147.0,147.4,154.175,
2016-05-11,147.0,147.4,153.6,
2016-05-12,146.0,147.1,152.825,
2016-05-13,144.0,146.3,151.95,
2016-05-16,144.5,145.7,151.2,
2016-05-17,147.0,145.7,150.65,
2016-05-18,147.0,145.7,150.125,
2016-05-19,147.0,145.9,149.775,
2016-05-20,148.5,146.8,149.35,
2016-05-23,154.0,148.7,149.225,
2016-05-24,151.0,149.5,148.9,
2016-05-25,154.5,151.0,148.725,
2016-05-26,155.0,152.6,148.65,
2016-05-27,156.5,154.2,148.825,
2016-05-30,157.0,154.8,149.175,
2016-05-31,156.5,155.9,149.625,
2016-06-01,159.0,156.8,150.225,
2016-06-02,159.0,157.6,150.8,
2016-06-03,160.5,158.4,151.425,
2016-06-06,161.0,159.2,152.1,
2016-06-07,162.0,160.3,152.85,
2016-06-08,165.5,161.6,153.775,
2016-06-13,162.0,162.2,154.575,
2016-06-14,162.0,162.5,155.475,
2016-06-15,163.0,162.9,156.4,155.49166666666667
2016-06-16,160.5,162.6,157.075,155.525
2016-06-17,163.0,162.1,157.875,155.58333333333334
2016-06-20,163.0,162.3,158.675,155.63333333333333
2016-06-21,165.5,163.0,159.525,155.75
2016-06-22,166.0,163.6,160.125,155.85833333333332
2016-06-23,164.0,164.3,160.775,155.95
2016-06-24,159.0,163.5,161.0,155.96666666666667
2016-06-27,155.5,162.0,161.025,155.90833333333333
2016-06-28,157.0,160.3,161.05,155.875
2016-06-29,159.0,158.9,161.15,155.83333333333334
2016-06-30,162.5,158.6,161.45,155.84166666666667
2016-07-01,166.0,160.0,161.8,155.96666666666667
2016-07-04,166.0,162.1,162.15,156.175
2016-07-05,164.0,163.5,162.325,156.33333333333334
2016-07-06,161.5,164.0,162.35,156.4
2016-07-07,164.5,164.4,162.475,156.5
2016-07-08,164.5,164.1,162.425,156.6
2016-07-11,170.0,164.9,162.825,156.74166666666667
2016-07-12,171.0,166.3,163.275,156.9
2016-07-13,168.5,167.7,163.55,157.05
2016-07-14,169.0,168.6,163.975,157.23333333333332
2016-07-15,169.5,169.6,164.3,157.43333333333334
2016-07-18,169.5,169.5,164.625,157.69166666666666
2016-07-19,170.5,169.4,164.875,157.91666666666666
2016-07-20,170.0,169.7,165.075,158.14166666666668
2016-07-21,172.0,170.3,165.475,158.38333333333333
2016-07-22,171.0,170.6,166.075,158.6
2016-07-25,171.5,171.0,166.875,158.85
2016-07-26,173.0,171.5,167.675,159.18333333333334
2016-07-27,175.0,172.5,168.475,159.6
2016-07-28,176.5,173.4,169.175,160.08333333333334
2016-07-29,172.5,173.7,169.5,160.50833333333333
2016-08-01,177.0,174.8,170.05,161.0
2016-08-02,176.0,175.4,170.65,161.46666666666667
2016-08-03,172.5,174.9,171.2,161.88333333333333
2016-08-04,174.5,174.5,171.7,162.34166666666667
2016-08-05,177.0,175.4,172.325,162.84166666666667
2016-08-08,178.0,175.6,172.725,163.375
2016-08-09,178.5,176.1,173.1,163.95
2016-08-10,179.5,177.5,173.65,164.53333333333333
2016-08-11,176.5,177.9,174.025,165.025
2016-08-12,177.5,178.0,174.425,165.53333333333333
2016-08-15,179.0,178.2,174.9,166.06666666666666
2016-08-16,175.5,177.6,175.15,166.51666666666668
2016-08-17,177.0,177.1,175.5,166.9
2016-08-18,176.0,177.0,175.7,167.31666666666666
2016-08-19,174.5,176.4,175.875,167.65
2016-08-22,172.5,175.1,175.925,167.94166666666666
2016-08-23,175.0,175.0,176.025,168.25
2016-08-24,173.5,174.3,175.95,168.525
2016-08-25,176.5,174.4,175.95,168.85833333333332
2016-08-26,177.0,174.9,176.175,169.15833333333333
2016-08-29,176.0,175.6,176.125,169.44166666666666
2016-08-30,174.0,175.4,176.025,169.66666666666666
2016-08-31,176.5,176.0,176.225,169.925
2016-09-01,174.0,175.5,176.2,170.125
2016-09-02,174.0,174.9,176.05,170.26666666666668
2016-09-05,177.0,175.1,176.0,170.51666666666668
2016-09-06,178.0,175.9,175.975,170.78333333333333
2016-09-07,185.0,177.6,176.25,171.15
2016-09-08,183.0,179.4,176.575,171.525
2016-09-09,180.5,180.7,176.725,171.81666666666666
2016-09-12,175.5,180.4,176.55,172.025
2016-09-13,175.5,179.9,176.55,172.19166666666666
2016-09-14,174.0,177.7,176.4,172.325
2016-09-19,183.0,177.7,176.75,172.64166666666668
2016-09-20,183.5,178.3,177.2,173.05
2016-09-21,184.0,180.0,177.775,173.525
2016-09-22,185.0,181.9,178.275,173.99166666666667
2016-09-23,187.0,184.5,178.95,174.45833333333334
2016-09-26,183.5,184.6,179.3,174.80833333333334
2016-09-27,183.5,184.6,179.625,175.1
2016-09-28,183.5,184.5,180.0,175.39166666666668
2016-09-29,187.0,184.9,180.65,175.775
2016-09-30,184.0,184.3,181.025,176.15
2016-10-03,186.0,184.8,181.625,176.50833333333333
2016-10-04,187.0,185.5,182.275,176.88333333333333
2016-10-05,186.0,186.0,182.725,177.15
2016-10-06,187.5,186.1,183.2,177.425
2016-10-07,188.0,186.9,183.35,177.75
2016-10-11,187.5,187.2,183.575,178.05833333333334
2016-10-12,189.5,187.7,184.025,178.39166666666668
2016-10-13,188.5,188.2,184.675,178.70833333333334
2016-10-14,188.0,188.3,185.3,179.0
2016-10-17,186.5,188.0,185.925,179.275
2016-10-18,187.0,187.9,186.125,179.525
2016-10-19,189.5,187.9,186.425,179.83333333333334
2016-10-20,190.5,188.3,186.75,180.15
2016-10-21,188.5,188.4,186.925,180.40833333333333
2016-10-24,191.0,189.3,187.125,180.675
2016-10-25,193.0,190.5,187.6,180.95
2016-10-26,191.5,190.9,188.0,181.26666666666668
2016-10-27,188.5,190.5,188.25,181.45833333333334
2016-10-28,189.5,190.7,188.375,181.68333333333334
2016-10-31,188.5,190.2,188.6,181.95
2016-11-01,189.5,189.5,188.775,182.2
2016-11-02,186.0,188.4,188.725,182.35
2016-11-03,184.5,187.6,188.65,182.45833333333334
2016-11-04,184.5,186.6,188.5,182.55833333333334
2016-11-07,189.0,186.7,188.55,182.71666666666667
2016-11-08,188.5,186.5,188.6,182.91666666666666
2016-11-09,182.0,185.7,188.225,182.99166666666667
2016-11-10,185.5,185.9,188.075,183.1
2016-11-11,181.5,185.3,187.75,183.2
2016-11-14,180.5,183.6,187.45,183.25833333333333
2016-11-15,180.0,181.9,187.1,183.325
2016-11-16,180.0,181.5,186.625,183.41666666666666
2016-11-17,181.5,180.7,186.175,183.56666666666666
2016-11-18,181.0,180.6,185.8,183.66666666666666
2016-11-21,181.0,180.7,185.3,183.79166666666666
2016-11-22,184.0,181.5,184.85,183.91666666666666
2016-11-23,185.5,182.6,184.55,184.05833333333334
2016-11-24,183.0,182.9,184.275,184.175
2016-11-25,182.0,183.1,183.9,184.30833333333334
2016-11-28,184.0,183.7,183.675,184.43333333333334
2016-11-29,182.0,183.3,183.3,184.56666666666666
2016-11-30,183.0,182.8,183.15,184.71666666666667
2016-12-01,183.0,182.8,183.075,184.81666666666666
2016-12-02,178.0,182.0,182.75,184.81666666666666
2016-12-05,179.0,181.0,182.25,184.71666666666667
2016-12-06,182.0,181.0,181.925,184.7
2016-12-07,181.5,180.7,181.9,184.71666666666667
2016-12-08,185.5,181.2,181.9,184.88333333333333
2016-12-09,186.0,182.8,182.125,185.05833333333334
2016-12-12,185.0,184.0,182.35,185.24166666666667
2016-12-13,186.0,184.8,182.65,185.29166666666666
2016-12-14,187.5,186.0,183.025,185.35833333333332
2016-12-15,187.0,186.3,183.3,185.40833333333333
2016-12-16,185.0,186.1,183.5,185.40833333333333
2016-12-19,182.5,185.6,183.575,185.33333333333334
2016-12-20,182.5,184.9,183.5,185.31666666666666
2016-12-21,180.0,183.4,183.225,185.25833333333333
2016-12-22,179.0,181.8,183.025,185.18333333333334
2016-12-23,178.5,180.5,182.85,185.04166666666666
2016-12-26,179.5,179.9,182.625,184.96666666666667
2016-12-27,180.0,179.4,182.525,184.86666666666667
2016-12-28,182.0,179.8,182.475,184.78333333333333
2016-12-29,180.0,180.0,182.325,184.68333333333334
2016-12-30,181.5,180.6,182.5,184.58333333333334
2017-01-03,183.0,181.3,182.7,184.5
2017-01-04,183.0,181.9,182.75,184.425
2017-01-05,183.5,182.2,182.85,184.325
2017-01-06,184.0,183.0,182.775,184.25
2017-01-09,184.0,183.5,182.675,184.18333333333334
2017-01-10,184.0,183.7,182.625,184.14166666666668
2017-01-11,182.0,183.5,182.425,184.05833333333334
2017-01-12,184.5,183.7,182.275,183.975
2017-01-13,181.5,183.2,182.0,183.825
2017-01-16,179.5,182.3,181.725,183.675
2017-01-17,181.0,181.7,181.65,183.50833333333333
2017-01-18,181.0,181.5,181.575,183.30833333333334
2017-01-19,180.5,180.7,181.6,183.125
2017-01-20,181.0,180.6,181.7,183.0
2017-01-23,185.0,181.7,182.025,182.925
2017-01-24,185.5,182.6,182.325,182.875
2017-02-02,184.5,183.3,182.55,182.79166666666666
2017-02-03,184.5,184.1,182.675,182.76666666666668
2017-02-06,184.5,184.8,182.9,182.76666666666668
2017-02-07,184.5,184.7,183.05,182.76666666666668
2017-02-08,183.5,184.3,183.075,182.675
2017-02-09,184.0,184.2,183.125,182.6
2017-02-10,185.5,184.4,183.225,182.65833333333333
2017-02-13,187.5,185.0,183.4,182.69166666666666
2017-02-14,187.5,185.6,183.575,182.79166666666666
2017-02-15,189.0,186.7,183.825,182.93333333333334
2017-02-16,189.0,187.7,184.175,183.08333333333334
2017-02-17,189.5,188.5,184.425,183.24166666666667
2017-02-20,190.0,189.0,184.85,183.38333333333333
2017-02-21,190.0,189.5,185.375,183.53333333333333
2017-02-22,188.5,189.4,185.75,183.65833333333333
2017-02-23,188.5,189.3,186.125,183.73333333333332
2017-02-24,189.0,189.2,186.55,183.79166666666666
2017-03-01,186.0,188.4,186.8,183.84166666666667
2017-03-02,186.0,187.6,186.85,183.90833333333333
2017-03-03,184.0,186.7,186.775,183.90833333333333
2017-03-06,183.5,185.7,186.725,183.93333333333334
2017-03-07,185.5,185.0,186.775,183.975
2017-03-08,187.0,185.2,186.9,184.04166666666666
2017-03-09,184.5,184.9,186.9,184.15
2017-03-10,183.5,184.8,186.9,184.225
2017-03-13,186.5,185.4,187.025,184.3
2017-03-14,186.0,185.5,187.05,184.375
2017-03-15,186.5,185.4,187.0,184.39166666666668
2017-03-16,190.0,186.5,187.125,184.45833333333334
2017-03-17,191.5,188.1,187.25,184.56666666666666
2017-03-20,191.5,189.1,187.375,184.65833333333333
2017-03-21,195.0,190.9,187.65,184.78333333333333
2017-03-22,193.5,192.3,187.825,184.89166666666668
2017-03-23,193.5,193.0,188.0,185.03333333333333
2017-03-24,192.5,193.2,188.2,185.2
2017-03-27,193.0,193.5,188.425,185.375
2017-03-28,194.5,193.4,188.7,185.61666666666667
2017-03-29,191.5,193.0,188.975,185.825
2017-03-30,191.5,192.6,189.25,186.04166666666666
2017-03-31,189.0,191.9,189.5,186.2
2017-04-05,193.0,191.9,189.975,186.41666666666666
2017-04-06,191.5,191.3,190.275,186.575
2017-04-07,191.0,191.2,190.475,186.75833333333333
2017-04-10,190.0,190.9,190.75,186.9
2017-04-11,191.0,191.3,191.125,187.03333333333333
2017-04-12,191.0,190.9,191.35,187.16666666666666
2017-04-13,191.5,190.9,191.625,187.3
2017-04-14,189.0,190.5,191.75,187.38333333333333
2017-04-17,187.5,190.0,191.625,187.44166666666666
2017-04-18,188.0,189.4,191.45,187.50833333333333
2017-04-19,186.5,188.5,191.2,187.58333333333334
2017-04-20,187.0,187.6,190.8,187.625
2017-04-21,190.0,187.8,190.625,187.76666666666668
2017-04-24,190.0,188.3,190.45,187.94166666666666
2017-04-25,192.0,189.1,190.425,188.125
2017-04-26,191.0,190.0,190.325,188.29166666666666
2017-04-27,193.0,191.2,190.25,188.5
2017-04-28,194.5,192.1,190.4,188.725
2017-05-02,196.5,193.4,190.65,188.91666666666666
2017-05-03,198.0,194.6,191.1,189.125
2017-05-04,198.0,196.0,191.35,189.35
2017-05-05,197.5,196.9,191.65,189.56666666666666
2017-05-08,202.5,198.5,192.225,189.86666666666667
2017-05-09,203.5,199.9,192.9,190.18333333333334
2017-05-10,205.5,201.4,193.625,190.55
2017-05-11,207.5,203.3,194.45,190.94166666666666
2017-05-12,206.0,205.0,195.175,191.28333333333333
2017-05-15,206.0,205.7,196.025,191.59166666666667
2017-05-16,204.5,205.9,196.875,191.875
2017-05-17,204.0,205.6,197.675,192.125
2017-05-18,203.5,204.8,198.525,192.36666666666667
2017-05-19,203.0,204.2,199.325,192.59166666666667
2017-05-22,205.0,204.0,200.075,192.84166666666667
2017-05-23,205.0,204.1,200.825,193.09166666666667
2017-05-24,205.5,204.4,201.5,193.375
2017-05-25,207.0,205.1,202.3,193.68333333333334
2017-05-26,207.0,205.9,203.0,193.98333333333332
2017-05-31,203.0,205.5,203.425,194.26666666666668
2017-06-01,207.0,205.9,203.95,194.61666666666667
2017-06-02,209.0,206.6,204.5,195.03333333333333
2017-06-05,212.0,207.6,205.2,195.50833333333333
2017-06-06,210.5,208.3,205.85,195.925
2017-06-07,211.5,210.0,206.3,196.33333333333334
2017-06-08,213.0,211.2,206.775,196.80833333333334
2017-06-09,212.0,211.8,207.1,197.28333333333333
2017-06-12,207.5,210.9,207.1,197.63333333333333
2017-06-13,208.0,210.4,207.2,198.0
2017-06-14,207.0,209.5,207.25,198.34166666666667
2017-06-15,208.0,208.5,207.425,198.64166666666668
2017-06-16,211.5,208.4,207.8,198.975
2017-06-19,213.0,209.5,208.275,199.33333333333334
2017-06-20,216.5,211.2,208.95,199.69166666666666
2017-06-21,215.5,212.9,209.475,200.05833333333334
2017-06-22,218.0,214.9,210.125,200.46666666666667
2017-06-23,217.0,216.0,210.7,200.875
2017-06-26,215.0,216.4,211.1,201.24166666666667
2017-06-27,211.5,215.4,211.325,201.525
2017-06-28,208.5,214.0,211.6,201.80833333333334
2017-06-29,210.0,212.4,211.75,202.11666666666667
2017-06-30,208.5,210.7,211.725,202.44166666666666
2017-07-03,209.0,209.5,211.575,202.70833333333334
2017-07-04,207.0,208.6,211.4,202.96666666666667
2017-07-05,208.5,208.6,211.25,203.25833333333333
2017-07-06,207.5,208.1,210.975,203.55
2017-07-07,206.0,207.6,210.675,203.8
2017-07-10,206.0,207.0,210.6,204.05
2017-07-11,212.0,208.0,210.8,204.39166666666668
2017-07-12,210.5,208.4,210.975,204.75
2017-07-13,214.5,209.8,211.3,205.2
2017-07-14,213.0,211.2,211.375,205.61666666666667
2017-07-17,213.0,212.6,211.375,206.05833333333334
2017-07-18,214.0,213.0,211.25,206.50833333333333
2017-07-19,214.5,213.8,211.2,206.91666666666666
2017-07-20,215.5,214.0,211.075,207.34166666666667
2017-07-21,214.0,214.2,210.925,207.70833333333334
2017-07-24,214.5,214.5,210.9,208.1
2017-07-25,214.0,214.5,211.025,208.45
2017-07-26,213.0,214.2,211.25,208.75833333333333
2017-07-27,215.5,214.2,211.525,209.075
2017-07-28,213.0,214.0,211.75,209.325
2017-07-31,214.5,214.0,212.025,209.6
2017-08-01,212.0,213.6,212.275,209.84166666666667
2017-08-02,216.0,214.2,212.65,210.06666666666666
2017-08-03,213.5,213.8,212.95,210.23333333333332
2017-08-04,213.0,213.8,213.3,210.35833333333332
2017-08-07,216.0,214.1,213.8,210.5
2017-08-08,217.5,215.2,214.075,210.69166666666666
2017-08-09,214.5,214.9,214.275,210.83333333333334
2017-08-10,214.0,215.0,214.25,210.99166666666667
2017-08-11,212.5,214.9,214.225,211.13333333333333
2017-08-14,211.0,213.9,214.125,211.25833333333333
2017-08-15,214.0,213.2,214.125,211.44166666666666
2017-08-16,213.0,212.9,214.05,211.575
2017-08-17,214.0,212.9,213.975,211.725
2017-08-18,212.5,212.9,213.9,211.84166666666667
2017-08-21,211.5,213.0,213.75,211.91666666666666
2017-08-22,214.5,213.1,213.775,212.04166666666666
2017-08-23,215.5,213.6,213.9,212.25
2017-08-24,217.0,214.2,213.975,212.41666666666666
2017-08-25,217.5,215.2,214.2,212.55833333333334
2017-08-28,216.0,216.1,214.275,212.625
2017-08-29,216.0,216.4,214.475,212.71666666666667
2017-08-30,217.5,216.8,214.55,212.81666666666666
2017-08-31,216.5,216.7,214.7,212.875
2017-09-01,216.5,216.5,214.875,212.95
2017-09-04,217.5,216.8,214.95,213.11666666666667
2017-09-05,218.0,217.2,214.975,213.28333333333333
2017-09-06,217.0,217.1,215.1,213.45
2017-09-07,217.0,217.2,215.25,213.6
2017-09-08,218.0,217.5,215.525,213.70833333333334
2017-09-11,217.0,217.4,215.825,213.775
2017-09-12,219.0,217.6,216.075,213.81666666666666
2017-09-13,218.0,217.8,216.325,213.85833333333332
2017-09-14,218.5,218.1,216.55,213.86666666666667
2017-09-15,218.5,218.2,216.85,213.89166666666668
2017-09-18,219.5,218.7,217.25,213.96666666666667
2017-09-19,221.5,219.2,217.6,214.13333333333333
2017-09-20,221.5,219.9,217.9,214.35
2017-09-21,221.0,220.4,218.1,214.53333333333333
2017-09-22,218.5,220.4,218.15,214.7
2017-09-25,217.0,219.9,218.2,214.83333333333334
2017-09-26,214.0,218.4,218.1,214.95
2017-09-27,215.0,217.1,217.975,215.05833333333334
2017-09-28,214.0,215.7,217.85,215.16666666666666
2017-09-29,216.5,215.3,217.85,215.34166666666667
2017-10-02,220.5,216.0,218.0,215.58333333333334
2017-10-03,222.5,217.7,218.225,215.75833333333333
2017-10-05,224.5,219.6,218.6,215.99166666666667
2017-10-06,224.5,221.7,218.975,216.15833333333333
2017-10-11,233.0,225.0,219.725,216.49166666666667
2017-10-12,237.5,228.4,220.75,216.9
2017-10-13,237.5,231.4,221.675,217.29166666666666
2017-10-16,238.0,234.1,222.675,217.68333333333334
2017-10-17,235.5,236.3,223.525,218.01666666666668
2017-10-18,237.5,237.2,224.475,218.40833333333333
2017-10-19,239.0,237.5,225.45,218.81666666666666
2017-10-20,237.5,237.5,226.25,219.20833333333334
2017-10-23,239.0,237.7,227.125,219.64166666666668
2017-10-24,238.0,238.2,227.975,220.01666666666668
2017-10-25,238.0,238.3,228.95,220.43333333333334
2017-10-26,236.0,237.7,229.9,220.79166666666666
2017-10-27,239.0,238.0,231.15,221.24166666666667
2017-10-30,243.0,238.8,232.55,221.69166666666666
2017-10-31,243.0,239.8,234.0,222.18333333333334
2017-11-01,242.5,240.7,235.3,222.675
2017-11-02,241.0,241.7,236.325,223.09166666666667
2017-11-03,239.0,241.7,237.15,223.45
2017-11-06,239.5,241.0,237.9,223.86666666666667
2017-11-07,244.0,241.2,238.875,224.36666666666667
2017-11-08,242.5,241.2,239.35,224.86666666666667
2017-11-09,241.0,241.2,239.525,225.36666666666667
2017-11-10,240.5,241.5,239.675,225.80833333333334
2017-11-13,239.5,241.5,239.75,226.25
2017-11-14,240.0,240.7,239.975,226.68333333333334
2017-11-15,237.5,239.7,239.975,227.1
2017-11-16,238.0,239.1,239.925,227.54166666666666
2017-11-17,241.5,239.3,240.125,227.99166666666667
2017-11-20,238.5,239.1,240.1,228.375
2017-11-21,243.0,239.7,240.35,228.80833333333334
2017-11-22,242.0,240.6,240.55,229.21666666666667
2017-11-23,242.5,241.5,240.875,229.65833333333333
2017-11-24,244.0,242.0,241.125,230.125
2017-11-27,237.0,241.7,240.825,230.45
2017-11-28,234.0,239.9,240.375,230.74166666666667
2017-11-29,234.5,238.4,239.975,231.04166666666666
2017-11-30,226.0,235.1,239.225,231.18333333333334
2017-12-01,231.0,232.5,238.825,231.4
2017-12-04,234.0,231.9,238.55,231.68333333333334
2017-12-05,229.5,231.0,237.825,231.89166666666668
2017-12-06,227.0,229.5,237.05,232.04166666666666
2017-12-07,226.5,229.6,236.325,232.2
2017-12-08,227.0,228.8,235.65,232.33333333333334
2017-12-11,227.5,227.5,235.05,232.49166666666667
2017-12-12,227.5,227.1,234.425,232.64166666666668
2017-12-13,227.0,227.1,233.9,232.78333333333333
2017-12-14,230.5,227.9,233.525,232.96666666666667
2017-12-15,230.0,228.5,232.95,233.10833333333332
2017-12-18,227.0,228.4,232.375,233.2
2017-12-19,225.0,227.9,231.475,233.26666666666668
2017-12-20,224.5,227.4,230.6,233.36666666666667
2017-12-21,225.0,226.3,229.725,233.5
2017-12-22,227.5,225.8,228.9,233.725
2017-12-25,228.5,226.1,228.475,233.95
2017-12-26,226.0,226.3,228.075,234.15
2017-12-27,225.0,226.4,227.6,234.29166666666666
2017-12-28,226.0,226.6,227.6,234.38333333333333
2017-12-29,229.5,227.0,227.525,234.5
2018-01-02,232.5,227.8,227.45,234.63333333333333
2018-01-03,237.0,230.0,227.825,234.84166666666667
2018-01-04,239.5,232.9,228.45,234.95
2018-01-05,240.0,235.7,229.125,234.99166666666667
2018-01-08,242.0,238.2,229.875,235.06666666666666
2018-01-09,242.0,240.1,230.6,235.13333333333333
2018-01-10,236.5,240.0,231.05,235.15
2018-01-11,235.0,239.1,231.45,235.10833333333332
2018-01-12,237.0,238.5,231.775,235.075
2018-01-15,240.0,238.1,232.275,235.11666666666667
2018-01-16,240.5,237.8,232.95,235.14166666666668
2018-01-17,242.0,238.9,233.8,235.20833333333334
2018-01-18,248.5,241.6,235.0,235.38333333333333
2018-01-19,255.5,245.3,236.525,235.70833333333334
2018-01-22,261.5,249.6,238.225,236.08333333333334
2018-01-23,266.0,254.7,240.1,236.46666666666667
2018-01-24,258.0,257.9,241.7,236.71666666666667
2018-01-25,258.0,259.8,243.35,236.975
2018-01-26,255.0,259.7,244.8,237.20833333333334
2018-01-29,258.5,259.1,246.25,237.53333333333333
2018-01-30,253.0,256.5,247.275,237.75833333333333
2018-01-31,255.0,255.9,248.175,237.94166666666666
2018-02-01,259.5,256.2,249.175,238.225
2018-02-02,259.5,257.1,250.15,238.53333333333333
2018-02-05,253.0,256.0,250.7,238.74166666666667
2018-02-06,239.0,253.2,250.55,238.73333333333332
2018-02-07,240.0,250.2,250.725,238.73333333333332
2018-02-08,238.5,246.0,250.9,238.75
2018-02-09,232.5,240.6,250.675,238.65833333333333
2018-02-12,236.5,237.3,250.5,238.575
2018-02-21,242.5,238.0,250.6,238.64166666666668
2018-02-22,239.5,237.9,250.475,238.58333333333334
2018-02-23,245.0,239.2,250.3,238.63333333333333
2018-02-26,246.5,242.0,249.85,238.7
2018-02-27,246.0,243.9,249.075,238.73333333333332
2018-03-01,243.0,244.0,247.925,238.83333333333334
2018-03-02,240.0,244.1,247.025,238.93333333333334
2018-03-05,241.5,243.4,246.2,239.05
2018-03-06,250.0,244.1,245.95,239.45
2018-03-07,247.0,244.3,245.375,239.71666666666667
2018-03-08,249.5,245.6,245.2,239.975
2018-03-09,250.5,247.7,244.975,240.325
2018-03-12,254.0,250.2,244.7,240.775
2018-03-13,259.0,252.0,244.675,241.31666666666666
2018-03-14,257.0,254.0,244.875,241.81666666666666
2018-03-15,255.0,255.1,245.675,242.275
2018-03-16,255.0,256.0,246.425,242.73333333333332
2018-03-19,255.0,256.2,247.25,243.2
2018-03-20,253.0,255.0,248.275,243.575
2018-03-21,252.5,254.1,249.075,243.95
2018-03-22,251.5,253.4,249.525,244.35833333333332
2018-03-23,245.0,251.4,249.8,244.69166666666666
2018-03-26,243.5,249.1,249.725,245.00833333333333
2018-03-27,251.0,248.7,249.95,245.44166666666666
2018-03-28,245.0,247.2,249.9,245.73333333333332
2018-03-29,244.0,245.7,249.95,245.99166666666667
2018-03-30,246.0,245.9,250.25,246.325
2018-04-02,246.5,246.5,250.5,246.68333333333334
2018-04-03,244.0,245.1,250.2,246.98333333333332
2018-04-09,245.0,245.1,250.1,247.24166666666667
2018-04-10,245.5,245.4,249.9,247.45833333333334
2018-04-11,248.0,245.8,249.775,247.64166666666668
2018-04-12,245.0,245.5,249.325,247.73333333333332
2018-04-13,244.5,245.6,248.6,247.80833333333334
2018-04-16,243.5,245.3,247.925,247.83333333333334
2018-04-17,238.0,243.8,247.075,247.76666666666668
2018-04-18,238.0,241.8,246.225,247.79166666666666
2018-04-19,244.5,241.7,245.7,247.95
2018-04-20,229.0,238.6,244.5,247.81666666666666
2018-04-23,226.5,235.2,243.2,247.59166666666667
2018-04-24,227.0,233.0,241.975,247.36666666666667
2018-04-25,225.0,230.4,240.975,247.08333333333334
2018-04-26,222.0,225.9,239.9,246.64166666666668
2018-04-27,223.5,224.8,238.525,246.10833333333332
2018-04-30,227.0,224.9,237.625,245.53333333333333
2018-05-02,223.0,224.1,236.575,244.81666666666666
2018-05-03,220.5,223.2,235.3,244.19166666666666
2018-05-04,223.0,223.4,234.125,243.60833333333332
2018-05-07,223.5,223.4,233.1,243.08333333333334
2018-05-08,228.0,223.6,232.25,242.575
2018-05-09,229.5,224.9,231.45,242.18333333333334
2018-05-10,229.5,226.7,230.525,241.75833333333333
2018-05-11,233.0,228.7,229.925,241.31666666666666
2018-05-14,233.0,230.6,229.35,240.875
2018-05-15,230.5,231.1,228.7,240.5
2018-05-16,230.5,231.3,228.325,240.35833333333332
2018-05-17,226.5,230.7,227.75,240.13333333333333
2018-05-18,223.5,228.8,226.7,239.88333333333333
2018-05-21,229.0,228.0,226.7,239.825
2018-05-22,229.0,227.7,226.825,239.7
2018-05-23,228.5,227.3,226.9,239.46666666666667
2018-05-24,229.0,227.8,227.1,239.29166666666666
2018-05-25,228.5,228.8,227.425,239.01666666666668
2018-05-28,227.0,228.4,227.6,238.69166666666666
2018-05-29,225.0,227.6,227.5,238.34166666666667
2018-05-30,221.0,226.1,227.4,237.975
2018-05-31,224.0,225.1,227.575,237.70833333333334
2018-06-01,224.0,224.2,227.625,237.41666666666666
2018-06-04,229.0,224.6,227.9,237.06666666666666
2018-06-05,229.0,225.4,227.95,236.76666666666668
2018-06-06,230.0,227.2,227.975,236.44166666666666
2018-06-07,230.0,228.4,228.0,236.1
2018-06-08,227.0,229.0,227.7,235.65
2018-06-11,226.0,228.4,227.35,235.1
2018-06-12,229.0,228.4,227.275,234.63333333333333
2018-06-13,232.0,228.8,227.35,234.25
2018-06-14,226.5,228.1,227.35,233.775
2018-06-15,231.0,228.9,227.725,233.375
2018-06-19,225.0,228.7,227.525,232.90833333333333
2018-06-20,226.0,228.1,227.375,232.46666666666667
2018-06-21,226.5,227.0,227.275,232.05
2018-06-22,227.5,227.2,227.2,231.75833333333333
2018-06-25,218.0,224.6,226.675,231.33333333333334
2018-06-26,214.5,222.5,226.05,230.725
2018-06-27,213.0,219.9,225.45,230.19166666666666
2018-06-28,212.0,217.0,225.0,229.65833333333333
2018-06-29,216.5,214.8,224.625,229.16666666666666
2018-07-02,214.0,214.0,224.125,228.625
2018-07-03,214.5,214.0,223.4,228.13333333333333
2018-07-04,216.0,214.6,222.75,227.65
2018-07-05,214.5,215.1,221.975,227.13333333333333
2018-07-06,217.0,215.2,221.325,226.61666666666667
2018-07-09,221.5,216.7,221.05,226.225
2018-07-10,222.0,218.2,220.85,225.85
2018-07-11,220.0,219.0,220.4,225.45833333333334
2018-07-12,220.5,220.2,219.825,225.16666666666666
2018-07-13,224.5,221.7,219.725,224.94166666666666
2018-07-16,223.5,222.1,219.35,224.59166666666667
2018-07-17,221.5,222.0,219.175,224.46666666666667
2018-07-18,223.0,222.6,219.025,224.40833333333333
2018-07-19,224.5,223.4,218.925,224.36666666666667
2018-07-20,237.5,226.0,219.425,224.575
2018-07-23,241.0,229.5,220.575,224.89166666666668
2018-07-24,241.0,233.4,221.9,225.18333333333334
2018-07-25,240.5,236.9,223.275,225.40833333333333
2018-07-26,241.0,240.2,224.725,225.70833333333334
2018-07-27,244.5,241.6,226.125,226.10833333333332
2018-07-30,245.5,242.5,227.7,226.48333333333332
2018-07-31,246.0,243.5,229.275,226.85833333333332
2018-08-01,248.0,245.0,230.875,227.19166666666666
2018-08-02,244.5,245.7,232.375,227.44166666666666
2018-08-03,247.0,246.2,233.875,227.73333333333332
2018-08-06,245.5,246.2,235.075,227.94166666666666
2018-08-07,241.5,245.3,236.05,228.08333333333334
2018-08-08,247.5,245.2,237.425,228.36666666666667
2018-08-09,247.0,245.7,238.75,228.64166666666668
2018-08-10,245.0,245.3,239.775,228.95
2018-08-13,240.5,244.3,240.625,229.23333333333332
2018-08-14,243.5,244.7,241.725,229.475
2018-08-15,241.5,243.5,242.65,229.68333333333334
2018-08-16,239.0,241.9,243.375,229.85833333333332
2018-08-17,239.5,240.8,243.475,230.03333333333333
2018-08-20,239.5,240.6,243.4,230.21666666666667
2018-08-21,241.0,240.1,243.4,230.45
2018-08-22,242.0,240.2,243.475,230.73333333333332
2018-08-23,244.5,241.3,243.65,231.125
2018-08-24,243.5,242.1,243.6,231.45
2018-08-27,245.0,243.2,243.575,231.8
2018-08-28,249.5,244.9,243.75,232.14166666666668
2018-08-29,259.0,248.3,244.3,232.64166666666668
2018-08-30,263.5,252.1,245.25,233.2
2018-08-31,256.0,254.6,245.7,233.63333333333333
2018-09-03,257.0,257.0,246.275,234.13333333333333
2018-09-04,257.5,258.6,247.075,234.65833333333333
2018-09-05,264.0,259.6,247.9,235.24166666666667
2018-09-06,261.0,259.1,248.6,235.725
2018-09-07,264.0,260.7,249.55,236.35
2018-09-10,264.5,262.2,250.75,236.90833333333333
2018-09-11,260.0,262.7,251.575,237.49166666666667
2018-09-12,260.5,262.0,252.525,238.06666666666666
2018-09-13,255.0,260.8,253.325,238.54166666666666
2018-09-14,261.0,260.2,254.4,239.1
2018-09-17,258.0,258.9,255.325,239.76666666666668
2018-09-18,254.5,257.8,256.0,240.43333333333334
2018-09-19,258.0,257.3,256.8,241.18333333333334
2018-09-20,260.0,258.3,257.575,241.98333333333332
2018-09-21,261.5,258.4,258.475,242.73333333333332
2018-09-25,263.5,259.5,259.4,243.55833333333334
2018-09-26,263.5,261.3,260.1,244.375
2018-09-27,265.0,262.7,260.4,245.19166666666666
2018-09-28,262.5,263.2,260.35,245.99166666666667
2018-10-01,263.0,263.5,260.7,246.75833333333333
2018-10-02,257.5,262.3,260.725,247.35833333333332
2018-10-03,260.0,261.6,260.85,247.99166666666667
2018-10-04,254.0,259.4,260.35,248.55833333333334
2018-10-05,250.0,256.9,259.8,249.05
2018-10-08,243.5,253.0,258.775,249.36666666666667
2018-10-09,244.0,250.3,257.75,249.70833333333334
2018-10-11,227.5,243.8,256.125,249.80833333333334
2018-10-12,237.0,240.4,254.95,250.04166666666666
2018-10-15,230.5,236.5,253.725,250.14166666666668
2018-10-16,237.0,235.2,252.525,250.13333333333333
2018-10-17,238.5,234.1,251.55,250.09166666666667
2018-10-18,236.5,235.9,250.65,250.01666666666668
2018-10-19,236.0,235.7,249.55,249.94166666666666
2018-10-22,237.0,237.0,248.4,249.875
2018-10-23,230.0,235.6,246.825,249.63333333333333
2018-10-24,229.5,233.8,245.125,249.36666666666667
2018-10-25,219.5,230.4,242.925,248.925
2018-10-26,221.0,227.4,240.725,248.475
2018-10-29,222.5,224.5,238.725,248.10833333333332
2018-10-30,223.0,223.1,236.725,247.70833333333334
2018-10-31,234.0,224.0,235.55,247.51666666666668
2018-11-01,235.5,227.2,234.325,247.41666666666666
2018-11-02,236.5,230.3,233.45,247.23333333333332
2018-11-05,235.0,232.8,232.7,247.03333333333333
2018-11-06,234.5,235.1,232.25,246.85833333333332
2018-11-07,234.0,235.1,231.75,246.75
2018-11-08,236.5,235.3,232.2,246.63333333333333
2018-11-09,231.0,234.2,231.9,246.45833333333334
2018-11-12,231.5,233.5,231.95,246.33333333333334
2018-11-13,227.5,232.1,231.475,246.13333333333333
2018-11-14,228.5,231.0,230.975,245.95
2018-11-15,231.0,229.9,230.7,245.78333333333333
2018-11-16,226.0,228.9,230.2,245.51666666666668
2018-11-19,222.0,227.0,229.45,245.14166666666668
2018-11-20,218.0,225.1,228.85,244.71666666666667
2018-11-21,219.0,223.2,228.325,244.28333333333333
2018-11-22,219.0,220.8,228.3,243.775
2018-11-23,218.5,219.3,228.175,243.1
2018-11-26,223.0,219.5,228.2,242.425
2018-11-27,224.0,220.7,228.25,241.89166666666668
2018-11-28,226.5,222.2,227.875,241.38333333333333
2018-11-29,229.0,224.2,227.55,240.90833333333333
2018-11-30,225.5,225.6,227.0,240.26666666666668
2018-12-03,235.0,228.0,227.0,239.83333333333334
2018-12-04,234.0,230.0,226.975,239.33333333333334
2018-12-05,226.0,229.9,226.575,238.69166666666666
2018-12-06,220.0,228.1,225.75,238.025
2018-12-07,221.0,227.2,225.25,237.36666666666667
2018-12-10,219.0,224.0,224.625,236.76666666666668
2018-12-11,222.5,221.7,224.375,236.125
2018-12-12,226.5,221.8,224.275,235.6
2018-12-13,226.0,223.0,224.025,235.125
2018-12-14,222.5,223.3,223.85,234.53333333333333
2018-12-17,223.5,224.2,223.925,233.925
2018-12-18,222.5,224.2,224.15,233.275
2018-12-19,225.5,224.0,224.475,232.64166666666668
2018-12-20,221.0,223.0,224.575,231.93333333333334
2018-12-21,223.5,223.2,224.825,231.24166666666667
2018-12-24,220.0,222.5,224.675,230.53333333333333
2018-12-25,217.5,221.5,224.35,229.775
2018-12-26,216.5,219.7,223.85,229.09166666666667
2018-12-27,223.0,220.1,223.55,228.475
2018-12-28,225.5,220.5,223.55,228.0
2019-01-02,219.5,220.4,222.775,227.49166666666667
2019-01-03,215.5,220.0,221.85,227.025
2019-01-04,208.0,218.3,220.95,226.425
2019-01-07,213.0,216.3,220.6,226.18333333333334
2019-01-08,211.0,213.4,220.1,225.75
2019-01-09,215.5,212.6,219.925,225.5
2019-01-10,216.0,212.7,219.6,225.15
2019-01-11,220.5,215.2,219.3,224.85
2019-01-14,218.5,216.3,218.925,224.55
2019-01-15,221.0,218.3,218.85,224.3
2019-01-16,217.5,218.7,218.55,223.975
2019-01-17,220.5,219.6,218.45,223.81666666666666
2019-01-18,218.5,219.2,218.1,223.63333333333333
2019-01-21,221.0,219.7,218.1,223.65833333333333
2019-01-22,223.0,220.1,218.075,223.69166666666666
2019-01-23,220.5,220.7,218.1,223.65833333333333
2019-01-24,222.5,221.1,218.35,223.65
2019-01-25,226.0,222.6,218.825,223.51666666666668
2019-01-28,229.0,224.2,219.125,223.40833333333333
2019-01-29,222.5,224.1,218.975,223.175
2019-01-30,221.0,224.2,219.05,222.94166666666666
2019-02-11,228.0,225.3,219.675,222.83333333333334
2019-02-12,230.0,226.1,220.775,222.76666666666668
2019-02-13,229.0,226.1,221.575,222.64166666666668
2019-02-14,227.0,227.0,222.375,222.575
2019-02-15,227.0,228.2,222.95,222.5
2019-02-18,230.0,228.6,223.65,222.54166666666666
2019-02-19,229.0,228.4,224.075,222.55
2019-02-20,234.5,229.5,224.875,222.60833333333332
2019-02-21,236.5,231.4,225.65,222.78333333333333
2019-02-22,236.5,233.3,226.6,223.025
2019-02-25,238.0,234.9,227.475,223.35833333333332
2019-02-26,239.5,237.0,228.525,223.7
2019-02-27,239.0,237.9,229.425,224.03333333333333
2019-03-04,235.5,237.7,230.05,224.31666666666666
2019-03-05,233.0,237.0,230.675,224.48333333333332
2019-03-06,234.0,236.2,231.25,224.65
2019-03-07,234.0,235.1,231.65,224.775
2019-03-08,230.0,233.3,231.7,224.79166666666666
2019-03-11,230.5,232.3,232.1,224.875
2019-03-12,235.5,232.8,232.825,224.88333333333333
2019-03-13,237.0,233.4,233.275,224.93333333333334
2019-03-14,234.5,233.5,233.5,225.075
2019-03-15,239.0,235.3,234.0,225.39166666666668
2019-03-18,241.0,237.4,234.7,225.725
2019-03-19,240.5,238.4,235.375,226.08333333333334
2019-03-20,242.0,239.4,235.975,226.40833333333333
2019-03-21,245.5,241.6,236.8,226.725
2019-03-22,248.5,243.5,237.5,227.1
2019-03-25,241.5,243.6,237.75,227.41666666666666
2019-03-26,244.0,244.3,238.125,227.75833333333333
2019-03-27,241.5,244.2,238.3,228.075
2019-03-28,242.0,243.5,238.425,228.35
2019-03-29,245.5,242.9,238.75,228.75833333333333
2019-04-01,245.5,243.7,239.25,229.125
2019-04-02,246.0,244.1,239.9,229.55833333333334
2019-04-03,246.5,245.1,240.525,230.04166666666666
2019-04-08,253.0,247.3,241.475,230.65
2019-04-09,254.0,249.0,242.675,231.16666666666666
2019-04-10,254.0,250.7,243.85,231.64166666666668
2019-04-11,252.0,251.9,244.675,232.18333333333334
2019-04-12,252.0,253.0,245.425,232.79166666666666
2019-04-15,255.5,253.5,246.475,233.58333333333334
2019-04-16,257.0,254.1,247.375,234.31666666666666
2019-04-17,261.5,255.6,248.4,235.15833333333333
2019-04-18,264.5,258.1,249.6,235.975
2019-04-19,264.5,260.6,250.725,236.78333333333333
2019-04-22,266.0,262.7,251.75,237.54166666666666
2019-04-23,268.0,264.9,252.725,238.36666666666667
2019-04-24,269.0,266.4,254.1,239.16666666666666
2019-04-25,267.5,267.0,255.275,240.0
2019-04-26,260.0,266.1,256.2,240.65833333333333
2019-04-29,259.5,264.8,257.075,241.34166666666667
2019-04-30,259.0,263.0,257.75,241.975
2019-05-02,259.0,261.0,258.425,242.575
2019-05-03,265.0,260.5,259.375,243.31666666666666
2019-05-06,259.0,260.3,260.0,243.925
2019-05-07,262.5,260.9,260.475,244.53333333333333
2019-05-08,260.0,261.1,260.775,245.05
2019-05-09,256.5,260.6,260.9,245.61666666666667
2019-05-10,256.0,258.8,261.1,246.2
2019-05-13,250.5,257.1,261.025,246.575
2019-05-14,248.5,254.3,260.675,246.88333333333333
2019-05-15,249.0,252.1,260.275,247.21666666666667
2019-05-16,247.0,250.2,259.55,247.55
2019-05-17,241.5,247.3,258.4,247.79166666666666
2019-05-20,238.0,244.8,257.075,247.925
2019-05-21,234.0,241.9,255.475,248.00833333333333
2019-05-22,238.0,239.7,253.975,248.06666666666666
2019-05-23,230.0,236.3,252.025,247.95833333333334
2019-05-24,233.0,234.6,250.3,247.9
2019-05-27,231.0,233.2,248.85,247.78333333333333
2019-05-28,230.5,232.5,247.4,247.63333333333333
2019-05-29,229.5,230.8,245.925,247.475
2019-05-30,231.0,231.0,244.525,247.4
2019-05-31,235.5,231.5,243.05,247.44166666666666
2019-06-03,238.0,232.9,242.0,247.50833333333333
2019-06-04,233.0,233.4,240.525,247.49166666666667
2019-06-05,235.0,234.5,239.275,247.575
2019-06-06,232.0,234.7,238.05,247.6
2019-06-10,240.0,235.6,237.25,247.675
2019-06-11,244.5,236.9,236.95,247.8
2019-06-12,246.0,239.5,236.825,247.99166666666667
2019-06-13,240.0,240.5,236.375,248.00833333333333
2019-06-14,236.0,241.3,235.825,247.925
2019-06-17,233.0,239.9,235.4,247.8
2019-06-18,235.5,238.1,235.275,247.69166666666666
2019-06-19,244.0,237.7,235.775,247.66666666666666
2019-06-20,245.0,238.7,236.125,247.60833333333332
2019-06-21,248.5,241.2,237.05,247.725
2019-06-24,241.0,242.8,237.45,247.675
2019-06-25,238.5,243.4,237.825,247.625
2019-06-26,234.5,241.5,238.025,247.5
2019-06-27,240.5,240.6,238.575,247.41666666666666
2019-06-28,239.0,238.7,238.975,247.30833333333334
2019-07-01,248.5,240.2,239.625,247.35
2019-07-02,249.0,242.3,240.175,247.39166666666668
2019-07-03,242.5,243.9,240.65,247.21666666666667
2019-07-04,244.0,244.6,241.1,247.05
2019-07-05,243.0,245.4,241.65,246.86666666666667
2019-07-08,242.5,244.2,241.775,246.70833333333334
2019-07-09,242.0,242.8,241.65,246.54166666666666
2019-07-10,247.0,243.7,241.7,246.4
2019-07-11,250.0,244.9,242.2,246.28333333333333
2019-07-12,250.5,246.4,242.925,246.1
2019-07-15,254.5,248.8,244.0,245.93333333333334
2019-07-16,256.0,251.6,245.025,245.79166666666666
2019-07-17,252.0,252.6,245.425,245.55833333333334
2019-07-18,254.0,253.4,245.875,245.325
2019-07-19,259.0,255.1,246.4,245.15833333333333
2019-07-22,264.0,257.0,247.55,245.1
2019-07-23,264.0,258.6,248.825,245.16666666666666
2019-07-24,265.0,261.2,250.35,245.25833333333333
2019-07-25,265.0,263.4,251.575,245.35833333333332
2019-07-26,261.0,263.8,252.675,245.39166666666668
2019-07-29,261.0,263.2,253.3,245.325
2019-07-30,260.0,262.4,253.85,245.34166666666667
2019-07-31,259.5,261.3,254.7,245.29166666666666
2019-08-01,256.5,259.6,255.325,245.23333333333332
2019-08-02,251.5,257.7,255.75,245.15
2019-08-05,246.5,254.8,255.95,244.99166666666667
2019-08-06,248.5,252.5,256.275,244.95833333333334
2019-08-07,248.0,250.2,256.325,244.95
2019-08-08,253.5,249.6,256.5,245.025
2019-08-12,251.0,249.5,256.525,245.09166666666667
2019-08-13,246.5,249.5,256.125,245.175
2019-08-14,249.5,249.7,255.8,245.36666666666667
2019-08-15,248.0,249.7,255.6,245.6
2019-08-16,250.0,249.0,255.4,245.8
2019-08-19,252.0,249.2,255.05,246.16666666666666
2019-08-20,254.5,250.8,254.575,246.525
2019-08-21,254.5,251.8,254.1,246.91666666666666
2019-08-22,254.0,253.0,253.55,247.30833333333334
2019-08-23,254.0,253.8,253.0,247.71666666666667
2019-08-26,248.5,253.1,252.375,248.00833333333333
2019-08-27,250.0,252.2,251.825,248.25
2019-08-28,252.0,251.7,251.425,248.48333333333332
2019-08-29,254.0,251.7,251.15,248.83333333333334
2019-08-30,259.0,252.7,251.275,249.23333333333332
2019-09-02,257.5,254.5,251.575,249.65833333333333
2019-09-03,254.0,255.3,251.95,249.89166666666668
2019-09-04,257.5,256.4,252.4,250.10833333333332
2019-09-05,263.0,258.2,253.15,250.39166666666668
2019-09-06,263.5,259.1,253.65,250.78333333333333
2019-09-10,261.5,259.9,254.175,251.20833333333334
2019-09-11,263.0,261.7,255.0,251.70833333333334
2019-09-12,262.5,262.7,255.65,252.15833333333333
2019-09-16,265.5,263.2,256.525,252.51666666666668
2019-09-17,265.0,263.5,257.275,252.85
2019-09-18,267.0,264.6,258.025,253.15833333333333
2019-09-19,265.0,265.0,258.55,253.55833333333334
2019-09-20,264.0,265.3,259.025,253.98333333333332
2019-09-23,264.0,265.0,259.525,254.475
2019-09-24,265.0,265.0,260.075,254.88333333333333
2019-09-25,266.0,264.8,260.95,255.33333333333334
2019-09-26,268.0,265.4,261.85,255.65833333333333
2019-09-27,272.0,267.0,262.85,256.0416666666667
2019-10-01,280.0,270.2,264.15,256.6666666666667
2019-10-02,279.5,273.1,265.175,257.2583333333333
2019-10-03,276.5,275.2,266.125,257.81666666666666
2019-10-04,276.5,276.9,267.25,258.3833333333333
2019-10-07,278.0,278.1,268.275,258.98333333333335
2019-10-08,286.5,279.4,269.45,259.64166666666665
2019-10-09,282.0,279.9,270.375,260.175
2019-10-14,290.0,282.6,271.8,260.8333333333333
2019-10-15,293.5,286.0,273.325,261.48333333333335
2019-10-16,296.5,289.7,275.025,262.15833333333336
2019-10-17,293.5,291.1,276.425,262.85
2019-10-18,293.0,293.3,277.825,263.5
2019-10-21,290.0,293.3,278.975,264.01666666666665
2019-10-22,294.0,293.4,280.425,264.51666666666665
2019-10-23,293.0,292.7,281.875,265.0
2019-10-24,293.0,292.6,283.325,265.46666666666664
2019-10-25,293.5,292.7,284.75,265.94166666666666
2019-10-28,294.5,293.6,286.175,266.5
2019-10-29,298.5,294.5,287.7,267.125
2019-10-30,299.5,295.8,289.075,267.78333333333336
2019-10-31,298.5,296.9,290.0,268.43333333333334
2019-11-01,299.0,298.0,290.975,269.14166666666665
2019-11-04,307.0,300.5,292.5,270.06666666666666
2019-11-05,310.5,302.9,294.2,271.1333333333333
2019-11-06,311.0,305.2,295.85,272.175
2019-11-07,309.0,307.3,296.975,273.19166666666666
2019-11-08,305.5,308.6,298.15,274.05833333333334
2019-11-11,301.0,307.4,298.7,274.89166666666665
2019-11-12,305.0,306.3,299.275,275.8666666666667
2019-11-13,304.0,304.9,299.65,276.775
2019-11-14,303.5,303.8,300.15,277.7
2019-11-15,307.0,304.1,300.85,278.65
2019-11-18,311.0,306.1,301.9,279.6333333333333
2019-11-19,315.0,308.1,302.95,280.64166666666665
2019-11-20,313.5,310.0,303.975,281.625
2019-11-21,311.0,311.5,304.875,282.575
2019-11-22,309.0,311.9,305.65,283.4916666666667
2019-11-25,307.0,311.1,306.275,284.46666666666664
2019-11-26,307.0,309.5,306.7,285.4166666666667
2019-11-27,311.0,309.0,307.275,286.4
2019-11-28,309.5,308.7,307.825,287.325
2019-11-29,305.0,307.9,308.125,288.09166666666664
2019-12-02,307.5,308.0,308.15,288.925
2019-12-03,307.0,308.0,307.975,289.80833333333334
2019-12-04,306.0,307.0,307.725,290.6166666666667
2019-12-05,312.0,307.5,307.875,291.43333333333334
2019-12-06,313.0,309.1,308.25,292.2583333333333
2019-12-09,316.0,310.8,309.0,293.1666666666667
2019-12-10,313.5,312.1,309.425,294.0083333333333
2019-12-11,319.0,314.7,310.175,294.95
2019-12-12,331.5,318.6,311.575,296.05
2019-12-13,339.0,323.8,313.175,297.28333333333336
2019-12-16,336.0,327.8,314.425,298.43333333333334
2019-12-17,345.0,334.1,315.925,299.76666666666665
2019-12-18,344.5,339.2,317.475,301.10833333333335
2019-12-19,335.0,339.9,318.675,302.2916666666667
2019-12-20,329.0,337.9,319.675,303.35833333333335
2019-12-23,334.0,337.5,321.025,304.4916666666667
2019-12-24,332.0,334.9,322.275,305.55833333333334
2019-12-25,333.0,332.6,323.375,306.575
2019-12-26,333.0,332.2,324.55,307.4583333333333
2019-12-27,338.0,334.0,326.2,308.43333333333334
2019-12-30,334.5,334.1,327.55,309.4
2019-12-31,331.0,333.9,328.75,310.30833333333334
2020-01-02,339.0,335.1,330.4,311.325
2020-01-03,339.5,336.4,331.775,312.2083333333333
2020-01-06,332.0,335.2,332.725,313.0416666666667
2020-01-07,329.5,334.2,333.4,313.7
2020-01-08,329.5,333.9,334.2,314.3
2020-01-09,337.5,333.6,335.125,314.98333333333335
2020-01-10,339.5,333.6,335.525,315.75
2020-01-13,341.5,335.5,335.65,316.55833333333334
2020-01-14,346.0,338.8,336.15,317.4916666666667
2020-01-15,340.0,340.9,335.9,318.2583333333333
2020-01-16,334.5,340.3,335.4,318.95
2020-01-17,333.0,339.0,335.3,319.6166666666667
2020-01-20,333.0,337.3,335.5,320.275
2020-01-30,316.5,331.4,334.625,320.64166666666665
2020-01-31,320.0,327.4,334.025,321.0
2020-02-03,315.0,323.5,333.125,321.2583333333333
2020-02-04,325.0,321.9,332.725,321.7
2020-02-05,327.5,320.8,332.2,322.175
2020-02-06,332.5,324.0,332.1,322.6
2020-02-07,328.0,325.6,331.95,322.89166666666665
2020-02-10,327.5,328.1,331.375,323.1666666666667
2020-02-11,331.5,329.4,330.975,323.5416666666667
2020-02-12,335.0,330.9,331.125,324.03333333333336
2020-02-13,335.0,331.4,331.4,324.6
2020-02-14,335.0,332.8,331.675,325.1
2020-02-17,331.5,333.6,331.375,325.55833333333334
2020-02-18,322.0,331.7,330.5,325.8666666666667
2020-02-19,326.5,330.0,329.75,326.19166666666666
2020-02-20,325.5,328.1,328.725,326.43333333333334
2020-02-21,325.0,326.1,327.975,326.6
2020-02-24,320.0,323.8,327.25,326.7083333333333
2020-02-25,322.0,323.8,326.7,326.89166666666665
2020-02-26,318.5,322.2,325.975,327.05
2020-02-27,316.0,320.3,325.95,327.2
2020-03-02,311.0,317.5,325.5,327.26666666666665
2020-03-03,317.5,317.0,325.625,327.375
2020-03-04,320.5,316.7,325.4,327.55833333333334
2020-03-05,323.0,317.6,325.175,327.85833333333335
2020-03-06,315.0,317.4,324.3,327.98333333333335
2020-03-09,305.5,316.3,323.175,327.9583333333333
2020-03-10,307.0,314.2,322.15,327.975
2020-03-11,302.0,310.5,320.675,327.80833333333334
2020-03-12,294.0,304.7,318.625,327.4916666666667
2020-03-13,290.0,299.7,316.375,327.05833333333334
2020-03-16,276.5,293.9,313.45,326.44166666666666
2020-03-17,268.0,286.1,310.275,325.59166666666664
2020-03-18,260.0,277.7,307.175,324.4
2020-03-19,248.0,268.5,303.25,322.8833333333333
2020-03-20,270.0,264.5,300.475,321.78333333333336
2020-03-23,255.0,260.2,296.975,320.28333333333336
2020-03-24,267.5,260.1,294.35,319.0
2020-03-25,277.0,263.5,292.1,318.03333333333336
2020-03-26,280.0,269.9,290.175,317.21666666666664
2020-03-27,273.0,270.5,288.025,316.2
2020-03-30,267.5,273.0,285.85,315.125
2020-03-31,274.0,274.3,283.675,314.14166666666665
2020-04-01,271.5,273.2,281.225,313.1166666666667
2020-04-06,275.5,272.3,278.85,312.075
2020-04-07,283.0,274.3,277.25,311.21666666666664
2020-04-08,285.0,277.8,276.225,310.45
2020-04-09,283.0,279.6,275.025,309.51666666666665
2020-04-10,279.5,281.2,273.9,308.51666666666665
2020-04-13,278.5,281.8,273.125,307.625
2020-04-14,285.0,282.2,272.875,306.8833333333333
2020-04-15,287.5,282.7,273.425,306.18333333333334
2020-04-16,286.5,283.4,274.35,305.3333333333333
2020-04-17,306.5,288.8,276.675,304.78333333333336
2020-04-20,304.0,293.9,279.475,304.15833333333336
2020-04-21,295.0,295.9,280.725,303.30833333333334
2020-04-22,294.0,297.2,282.675,302.5416666666667
2020-04-23,295.5,299.0,284.075,301.89166666666665
2020-04-24,294.0,296.5,284.925,301.2416666666667
2020-04-27,298.0,295.3,285.825,300.65833333333336
2020-04-28,296.5,295.6,287.0,300.325
2020-04-29,299.0,296.6,288.575,299.975
2020-04-30,304.5,298.4,290.1,299.8
2020-05-04,295.0,298.6,291.275,299.3
2020-05-05,295.5,298.1,292.275,298.76666666666665
2020-05-06,296.0,298.0,292.925,298.15833333333336
2020-05-07,297.5,297.7,293.55,297.65
2020-05-08,297.5,296.3,294.275,297.15
2020-05-11,301.0,297.5,295.35,296.64166666666665
2020-05-12,295.0,297.4,296.175,295.975
2020-05-13,297.0,297.6,296.775,295.34166666666664
2020-05-14,293.0,296.7,297.05,294.64166666666665
2020-05-15,298.0,296.8,297.625,294.0833333333333
2020-05-18,290.0,294.6,296.8,293.55
2020-05-19,291.5,293.9,296.175,292.96666666666664
2020-05-20,294.0,293.3,296.125,292.44166666666666
2020-05-21,297.5,294.2,296.3,291.98333333333335
2020-05-22,292.0,293.0,296.125,291.51666666666665
2020-05-25,292.0,293.4,296.025,291.01666666666665
2020-05-26,295.5,294.2,295.9,290.6333333333333
2020-05-27,296.5,294.7,295.9,290.30833333333334
2020-05-28,294.0,294.0,295.65,290.025
2020-05-29,292.0,294.0,295.025,289.6
2020-06-01,295.5,294.7,295.05,289.18333333333334
2020-06-02,296.5,294.9,295.1,288.7416666666667
2020-06-03,301.0,295.8,295.35,288.5083333333333
2020-06-04,306.0,298.2,295.775,288.51666666666665
2020-06-05,311.5,302.1,296.475,288.59166666666664
2020-06-08,318.0,306.6,297.325,288.85833333333335
2020-06-09,319.0,311.1,298.525,289.275
2020-06-10,322.5,315.4,299.8,289.81666666666666
2020-06-11,320.5,318.3,301.175,290.55
2020-06-12,316.0,319.2,302.075,291.35
2020-06-15,309.5,317.5,303.05,292.175
2020-06-16,315.0,316.7,304.225,293.2916666666667
2020-06-17,315.0,315.2,305.275,294.0416666666667
2020-06-18,314.5,314.0,306.125,295.03333333333336
2020-06-19,314.5,313.7,307.25,295.81666666666666
2020-06-22,312.0,314.2,308.25,296.4
2020-06-23,315.0,314.2,309.225,296.98333333333335
2020-06-24,317.5,314.7,310.275,297.725
2020-06-29,312.0,314.2,311.175,298.46666666666664
2020-06-30,313.0,313.9,312.225,299.1166666666667
2020-07-01,317.5,315.0,313.325,299.8833333333333
2020-07-02,322.0,316.4,314.6,300.65833333333336
2020-07-03,329.5,318.8,316.025,301.43333333333334
2020-07-06,338.0,324.0,317.625,302.31666666666666
2020-07-07,338.5,329.1,318.975,303.2416666666667
2020-07-08,341.0,333.8,320.125,304.26666666666665
2020-07-09,345.0,338.4,321.425,305.375
2020-07-10,348.5,342.2,322.725,306.43333333333334
2020-07-13,354.5,345.5,324.425,307.55
2020-07-14,363.5,350.5,326.8,308.8333333333333
2020-07-15,363.0,354.9,329.475,309.775
2020-07-16,357.5,357.4,331.6,310.6666666666667
2020-07-17,367.0,361.1,334.2,311.8666666666667
2020-07-20,366.0,363.4,336.775,313.06666666666666
2020-07-21,383.0,367.3,340.2,314.525
2020-07-22,384.0,371.5,343.8,316.025
2020-07-23,381.5,376.3,347.125,317.4166666666667
2020-07-24,386.0,380.1,350.55,318.90833333333336
2020-07-27,424.5,391.8,356.175,321.0
2020-07-28,435.0,402.2,362.275,323.175
2020-07-29,422.0,409.8,367.5,325.2916666666667
2020-07-30,434.0,420.3,373.1,327.6
2020-07-31,425.5,428.2,377.9,329.7583333333333
2020-08-03,416.0,426.5,381.8,331.73333333333335
2020-08-04,425.5,424.6,386.15,333.8666666666667
2020-08-05,429.0,426.0,390.55,336.0
2020-08-06,435.0,426.2,395.05,338.3333333333333
2020-08-07,433.0,427.7,399.275,340.6
2020-08-10,435.5,431.6,403.325,342.975
2020-08-11,429.0,432.3,406.6,345.15833333333336
2020-08-12,419.0,430.3,409.4,347.30833333333334
2020-08-13,429.0,429.1,412.975,349.6
2020-08-14,427.0,427.9,415.975,351.81666666666666
2020-08-17,435.0,427.8,419.425,354.10833333333335
2020-08-18,433.0,428.6,421.925,356.4583333333333
2020-08-19,427.5,430.3,424.1,358.71666666666664
2020-08-20,415.0,427.5,425.775,360.7083333333333
2020-08-21,424.5,427.0,427.7,362.84166666666664
2020-08-24,428.0,425.6,427.875,365.075
2020-08-25,434.5,425.9,427.85,367.45
2020-08-26,442.0,428.8,428.85,369.89166666666665
2020-08-27,444.0,434.6,429.35,372.35
2020-08-28,435.0,436.7,429.825,374.5833333333333
2020-08-31,426.5,436.4,430.35,376.59166666666664
2020-09-01,435.0,436.5,430.825,378.65
2020-09-02,433.0,434.7,431.025,380.56666666666666
2020-09-03,436.0,433.1,431.075,382.51666666666665
2020-09-04,429.0,431.9,430.875,384.2916666666667
2020-09-07,426.0,431.8,430.4,386.05
2020-09-08,431.0,431.0,430.5,387.96666666666664
2020-09-09,427.0,429.8,430.9,389.925
2020-09-10,435.0,429.6,431.2,391.925
2020-09-11,436.5,431.1,431.675,393.95
2020-09-14,441.0,434.1,431.975,396.05833333333334
2020-09-15,445.0,436.9,432.575,398.23333333333335
2020-09-16,458.0,443.1,434.1,400.6666666666667
2020-09-17,448.5,445.8,435.775,402.89166666666665
2020-09-18,444.0,447.3,436.75,405.0
2020-09-21,440.0,447.1,437.35,407.1333333333333
2020-09-22,437.0,445.5,437.475,409.2
2020-09-23,433.5,440.6,437.05,411.1333333333333
2020-09-24,423.0,435.5,436.0,412.81666666666666
2020-09-25,424.0,431.5,435.45,414.39166666666665
2020-09-28,431.5,429.8,435.7,415.95
2020-09-29,431.0,428.6,435.5,417.4916666666667
2020-09-30,433.0,428.5,435.5,419.025
2020-10-05,432.5,430.4,435.325,420.48333333333335
2020-10-06,439.5,433.5,435.85,422.0
2020-10-07,443.0,435.8,436.7,423.475
2020-10-08,453.0,440.2,437.8,424.96666666666664
2020-10-12,460.0,445.6,439.45,426.5833333333333
2020-10-13,462.0,451.5,440.8,428.325
2020-10-14,459.0,455.4,441.925,429.85833333333335
2020-10-15,453.0,457.4,442.525,431.30833333333334
2020-10-16,449.0,456.6,442.725,432.40833333333336
2020-10-19,457.5,456.1,442.7,433.6333333333333
2020-10-20,451.0,453.9,442.825,434.7916666666667
2020-10-21,453.0,452.7,443.275,435.90833333333336
2020-10-22,455.0,453.1,444.025,436.4166666666667
2020-10-23,452.0,453.7,444.775,436.7
2020-10-26,450.0,452.2,445.6,437.1666666666667
2020-10-27,447.0,451.4,446.8,437.3833333333333
2020-10-28,444.0,449.6,447.8,437.69166666666666
2020-10-29,437.0,446.0,448.075,438.0416666666667
2020-10-30,432.0,442.0,448.125,438.15
2020-11-02,435.5,439.1,448.25,438.2583333333333
2020-11-03,441.0,437.9,448.675,438.35833333333335
2020-11-04,450.0,439.1,449.2,438.64166666666665
2020-11-05,451.0,441.9,449.6,438.9
2020-11-06,452.5,446.0,449.575,439.2916666666667
2020-11-09,458.5,450.6,449.5,439.95
2020-11-10,451.0,452.6,448.95,440.31666666666666
2020-11-11,457.0,454.0,448.85,440.81666666666666
2020-11-12,458.0,455.4,449.1,441.2
2020-11-13,462.0,457.3,449.75,441.68333333333334
2020-11-16,484.0,462.4,451.075,442.625
2020-11-17,485.5,469.3,452.8,443.8
2020-11-18,497.0,477.3,455.0,445.0083333333333
2020-11-19,490.0,483.7,456.75,446.0416666666667
2020-11-20,488.0,488.9,458.55,446.93333333333334
2020-11-23,496.5,491.4,460.875,447.84166666666664
2020-11-24,492.0,492.7,463.125,448.64166666666665
2020-11-25,487.0,490.7,465.275,449.5083333333333
2020-11-26,489.0,490.5,467.875,450.55
2020-11-27,489.0,490.7,470.725,451.45
2020-11-30,480.5,487.5,472.975,452.2416666666667
2020-12-01,490.0,487.1,475.425,453.14166666666665
2020-12-02,499.0,489.5,477.875,454.30833333333334
2020-12-03,497.0,491.1,480.175,455.4916666666667
2020-12-04,503.0,493.9,482.7,456.69166666666666
2020-12-07,514.0,500.6,485.475,458.14166666666665
2020-12-08,524.0,507.4,489.125,459.625
2020-12-09,520.0,511.6,492.275,461.01666666666665
2020-12-10,512.0,514.6,494.975,462.2
2020-12-11,516.0,517.2,497.675,463.3833333333333
2020-12-14,508.0,516.0,498.875,464.21666666666664
2020-12-15,504.0,512.0,499.8,465.14166666666665
2020-12-16,512.0,510.4,500.55,466.275
2020-12-17,508.0,509.6,501.45,467.40833333333336
2020-12-18,510.0,508.4,502.55,468.625
2020-12-21,516.0,510.0,503.525,470.0
2020-12-22,509.0,511.0,504.375,471.43333333333334
2020-12-23,509.0,510.4,505.475,472.85
2020-12-24,510.0,510.8,506.525,474.15833333333336
2020-12-25,511.0,511.0,507.625,475.4916666666667
2020-12-28,515.0,510.8,509.35,476.85833333333335
2020-12-29,515.0,512.0,510.6,478.23333333333335
2020-12-30,525.0,515.2,511.9,479.65833333333336
2020-12-31,530.0,519.2,513.55,481.10833333333335
2021-01-04,536.0,524.2,515.2,482.4916666666667
2021-01-05,542.0,529.6,516.6,483.85833333333335
2021-01-06,549.0,536.4,517.85,485.30833333333334
2021-01-07,565.0,544.4,520.1,487.075
2021-01-08,580.0,554.4,523.5,489.19166666666666
2021-01-11,584.0,564.0,526.9,491.44166666666666
2021-01-12,591.0,573.8,531.05,493.6666666666667
2021-01-13,605.0,585.0,536.1,496.23333333333335
2021-01-14,592.0,590.4,540.1,498.55
2021-01-15,601.0,594.6,544.75,500.98333333333335
2021-01-18,607.0,599.2,549.6,503.56666666666666
2021-01-19,627.0,606.4,555.15,506.51666666666665
2021-01-20,647.0,614.8,562.05,509.85
2021-01-21,673.0,631.0,570.25,513.6666666666666
2021-01-22,649.0,640.6,577.2,517.2
2021-01-25,633.0,645.8,583.3,520.55
2021-01-26,617.0,643.8,588.4,523.575
2021-01-27,615.0,637.4,593.4,526.475
2021-01-28,601.0,623.0,597.2,528.9916666666667
2021-01-29,591.0,611.4,600.25,531.325
2021-02-01,611.0,607.0,604.0,533.9666666666667
2021-02-02,632.0,610.0,608.5,536.8583333333333
2021-02-03,630.0,613.0,612.55,539.8416666666667
2021-02-04,627.0,618.2,615.65,542.675
2021-02-05,632.0,626.4,618.25,545.575
2021-02-17,663.0,636.8,622.2,548.925
2021-02-18,660.0,642.4,625.65,551.8583333333333
2021-02-19,652.0,646.8,628.0,554.6333333333333
2021-02-22,650.0,651.4,630.9,557.1833333333333
2021-02-23,641.0,653.2,632.9,559.7
2021-02-24,625.0,645.6,633.8,561.9833333333333
2021-02-25,635.0,640.6,634.2,564.2916666666666
2021-02-26,606.0,631.4,632.15,566.1916666666667
2021-03-02,609.0,623.2,628.95,568.225
2021-03-03,622.0,619.4,627.6,570.4416666666667
2021-03-04,601.0,614.6,626.0,572.3083333333333
2021-03-05,601.0,607.8,625.2,574.3166666666667
2021-03-08,598.0,606.2,624.35,576.1166666666667
2021-03-09,595.0,603.4,624.05,577.7166666666667
2021-03-10,597.0,598.4,624.35,579.3833333333333
2021-03-11,609.0,600.0,624.25,581.15
2021-03-12,614.0,602.6,623.35,582.8166666666667
2021-03-16,608.0,604.6,622.25,584.2166666666667
